ori_node,des_node,ori_layer,des_layer,minutes,km
824,826,5,5,1,0.862
824,42711,5,5,2,0.864
824,242429,5,5,2,0.351
825,824,5,5,2,0.611
825,35703,5,5,2,0.919
825,49447,5,5,6,5.175
825,125097,5,5,2,0.283
826,824,5,5,1,0.862
826,40113,5,5,6,4.123
826,42711,5,5,1,0.236
826,65879,5,5,1,0.526
827,35703,5,5,2,0.719
827,42711,5,5,5,0.488
1419,1420,5,5,5,1.764
1419,1421,5,5,5,3.446
1419,22256,5,5,1,0.981
1419,51494,5,5,5,3.189
1420,1419,5,5,5,1.764
1421,1419,5,5,5,3.446
1421,1423,5,5,10,2.362
1421,17722,5,5,8,3.035
1422,30454,5,5,1,0.078
1422,33808,5,5,1,0.218
1422,33809,5,5,2,1.023
1423,1421,5,5,10,2.362
1423,30454,5,5,5,1.564
1963,8797,5,5,1,0.805
1963,46712,5,5,1,0.758
1963,198365,5,5,6,2.714
1981,1982,5,5,4,1.842
1981,35008,5,5,10,3.433
1981,245621,5,5,7,3.861
1982,1981,5,5,4,1.842
1982,34340,5,5,5,4.435
1983,34338,5,5,2,2.308
1983,77895,5,5,1,0.223
1984,1985,5,5,1,0.606
1984,87594,5,5,1,0.225
1984,217491,5,5,1,0.252
1985,34339,5,5,2,1.051
1985,87595,5,5,1,0.169
2308,8877,5,5,1,0.099
2308,125098,5,5,1,0.238
2378,2867,5,5,2,0.858
2378,49956,5,5,1,0.156
2454,2455,5,5,4,2.81
2454,14914,5,5,2,1.736
2454,41821,5,5,1,2.166
2454,47013,5,5,3,2.261
2454,51501,5,5,2,3.426
2455,2454,5,5,3,2.81
2455,2456,5,5,7,5.425
2455,194153,5,5,2,2.618
2456,2455,5,5,7,5.425
2456,91483,5,5,2,1.154
2457,8110,5,5,2,1.876
2457,211159,5,5,1,0.583
2458,13900,5,5,6,4.34
2458,14881,5,5,3,1.139
2461,13898,5,5,3,1.535
2461,47626,5,5,5,3.394
2663,26035,5,5,1,0.77
2663,35226,5,5,1,1.158
2867,2378,5,5,1,0.858
2867,137789,5,5,1,0.291
2868,2869,5,5,1,1.915
2868,37803,5,5,6,2.799
2868,169916,5,5,1,0.677
2869,2868,5,5,2,1.915
2869,147754,5,5,1,1.62
3272,37800,5,5,1,0.349
3272,37801,5,5,5,1.712
3272,101419,5,5,1,0.55
3272,101420,5,5,1,0.499
3272,101421,5,5,1,0.517
3272,165178,5,5,1,0.539
3554,40114,5,5,6,7.107
3554,49240,5,5,1,0.827
3554,49498,5,5,1,0.75
3554,57429,5,5,1,0.618
3554,119130,5,5,2,0.712
3556,3557,5,5,1,0.273
3556,3563,5,5,6,3.47
3556,184985,5,5,1,2.157
3556,211353,5,5,3,2.707
3556,211356,5,5,6,2.999
3557,3556,5,5,1,0.273
3557,3558,5,5,1,0.272
3558,3557,5,5,1,0.272
3558,3559,5,5,1,0.807
3559,3558,5,5,1,0.807
3559,35990,5,5,1,2.386
3559,260325,5,5,9,3.911
3560,43764,5,5,1,1.143
3560,67037,5,5,1,0.196
3560,122549,5,5,1,0.146
3560,240157,5,5,1,0.515
3560,260324,5,5,1,0.535
3561,211356,5,5,1,0.269
3562,3563,5,5,1,0.192
3562,16775,5,5,8,19.012
3562,211356,5,5,1,0.284
3563,3562,5,5,1,0.192
3563,211357,5,5,5,2.322
3720,3720,5,5,1,0
3720,37803,5,5,2,1.433
3720,227427,5,5,1,0.693
4609,123790,5,5,3,3.046
4609,256818,5,5,4,1.019
4612,14939,5,5,14,7.253
4612,35226,5,5,1,1.169
4612,46271,5,5,1,0.936
4624,16780,5,5,1,0.339
4624,49955,5,5,1,0.967
4624,237585,5,5,1,0.332
4627,16773,5,5,6,1.4
4627,49955,5,5,5,2.995
4627,127933,5,5,1,0.218
4632,35306,5,5,3,0.313
4632,44615,5,5,3,2.799
4632,137907,5,5,1,0.841
4651,35245,5,5,5,1.612
4651,137907,5,5,2,1.488
4653,26034,5,5,1,0.417
4653,26037,5,5,1,0.472
4653,29199,5,5,3,2.693
4653,35245,5,5,4,1.985
6299,57434,5,5,1,0.358
6299,122316,5,5,1,0.316
6348,6353,5,5,3,2.224
6348,35703,5,5,10,4.261
6348,44617,5,5,10,4.162
6348,243853,5,5,2,1.005
6349,6353,5,5,2,1.721
6349,12144,5,5,6,3.444
6351,6353,5,5,7,2.606
6351,8877,5,5,6,2.97
6351,35703,5,5,9,3.584
6351,134965,5,5,6,3.189
6351,243854,5,5,1,0.251
6353,6349,5,5,2,1.721
6353,6351,5,5,7,2.606
6353,221126,5,5,1,0.165
6353,230713,5,5,3,1.413
7245,26254,5,5,1,0.319
7245,39784,5,5,1,0.216
7258,9369,5,5,1,0.558
7258,16775,5,5,1,0.35
7258,43766,5,5,1,1.318
7986,33805,5,5,1,0.661
7986,38054,5,5,1,0.334
8110,2457,5,5,2,1.876
8110,67587,5,5,1,0.348
8730,8730,5,5,1,0
8730,132754,5,5,1,0.574
8730,219338,5,5,2,0.748
8730,260324,5,5,5,0.65
8796,8798,5,5,1,0.535
8796,14748,5,5,1,0.884
8797,1963,5,5,1,0.805
8797,14312,5,5,1,1.25
8798,8796,5,5,1,0.535
8798,39248,5,5,1,0.38
8877,2308,5,5,1,0.099
8877,6351,5,5,6,2.97
8877,44616,5,5,4,5.964
9067,14747,5,5,1,0.425
9067,14750,5,5,1,0.302
9369,7258,5,5,1,0.558
9369,16772,5,5,1,1.507
9369,16775,5,5,1,0.908
9369,16778,5,5,1,0.286
9369,43766,5,5,1,0.759
9423,14311,5,5,1,0.864
9423,14312,5,5,2,0.993
9583,57435,5,5,3,0.558
9583,229063,5,5,1,0.534
9583,240158,5,5,1,0.205
10104,35997,5,5,6,3.078
10104,37598,5,5,3,2.819
10104,118927,5,5,1,0.34
10104,247764,5,5,1,0.55
10305,16165,5,5,4,3.005
10305,44618,5,5,6,3.525
10305,128821,5,5,2,4.635
10305,204644,5,5,2,3.266
11177,46708,5,5,1,0.317
11177,46710,5,5,1,0.403
11344,49703,5,5,1,0.793
11344,207009,5,5,4,2.41
11498,11501,5,5,1,1.327
11498,28479,5,5,1,0.788
11498,102347,5,5,1,0.126
11498,104306,5,5,4,2.287
11500,26255,5,5,2,1.274
11500,104306,5,5,1,0.34
11500,104308,5,5,1,0.441
11500,104309,5,5,1,0.393
11501,11498,5,5,1,1.327
11501,11500,5,5,1,1.026
11501,26247,5,5,1,1.043
12144,6349,5,5,5,3.444
12144,12145,5,5,1,0.088
12144,12147,5,5,10,2.865
12145,12144,5,5,1,0.088
12145,12146,5,5,5,2.831
12145,12147,5,5,6,2.954
12146,12145,5,5,5,2.831
12146,12149,5,5,5,1.73
12147,12144,5,5,10,2.865
12147,12145,5,5,6,2.954
12148,12149,5,5,3,1.658
12148,44616,5,5,1,0.22
12149,12146,5,5,5,1.73
12149,12148,5,5,2,1.658
13896,185714,5,5,2,0.823
13896,211159,5,5,4,2.06
13897,17058,5,5,1,0.397
13897,185715,5,5,5,3.391
13898,2461,5,5,3,1.535
13898,30013,5,5,4,1.839
13899,53705,5,5,2,1.919
13899,86329,5,5,1,1.355
13900,2458,5,5,6,4.34
13900,86329,5,5,2,0.864
13901,109222,5,5,3,2.458
13901,160819,5,5,1,0.388
14303,14304,5,5,2,0.958
14303,14308,5,5,5,2.746
14304,14303,5,5,2,0.958
14304,169917,5,5,1,0.706
14308,14303,5,5,5,2.746
14308,14309,5,5,4,3.294
14308,28026,5,5,1,0.453
14309,2378,5,5,3,5.812
14309,14308,5,5,4,3.294
14309,14939,5,5,2,3.016
14309,38178,5,5,16,6.904
14309,81481,5,5,5,3.346
14310,14311,5,5,1,1.527
14310,198365,5,5,1,1.699
14311,9423,5,5,1,0.864
14311,14310,5,5,1,1.527
14312,8797,5,5,2,1.25
14312,9423,5,5,1,0.993
14312,14752,5,5,7,4.736
14745,4627,5,5,4,3.886
14745,14746,5,5,1,0.401
14745,49953,5,5,4,0.669
14745,61309,5,5,1,0.279
14746,14745,5,5,1,0.401
14746,14754,5,5,1,0.291
14747,9067,5,5,1,0.425
14747,14748,5,5,1,0.204
14747,14750,5,5,1,0.56
14748,8796,5,5,1,0.884
14748,14747,5,5,1,0.204
14749,1963,5,5,6,3.441
14749,14312,5,5,6,4.359
14749,14750,5,5,1,0.61
14749,14752,5,5,1,0.625
14749,39248,5,5,2,2.003
14749,181078,5,5,1,0.733
14750,9067,5,5,1,0.302
14750,14747,5,5,1,0.56
14750,14749,5,5,1,0.61
14752,14749,5,5,1,0.625
14752,49953,5,5,1,0.395
14754,14746,5,5,1,0.291
14754,14755,5,5,1,0.343
14754,61309,5,5,3,0.925
14755,14754,5,5,1,0.343
14755,90023,5,5,1,0.327
14755,129049,5,5,1,0.359
14881,2458,5,5,3,1.139
14881,130098,5,5,1,0.29
14881,194153,5,5,1,0.39
14914,2454,5,5,2,1.736
14914,47626,5,5,4,1.734
14926,33425,5,5,1,0.162
14926,119365,5,5,2,0.491
14926,129049,5,5,1,0.317
14939,2378,5,5,3,2.798
14939,4612,5,5,13,7.253
14939,14309,5,5,4,3.016
14939,18424,5,5,5,6.233
14939,27100,5,5,18,8.186
14939,38178,5,5,7,4.052
14939,90023,5,5,15,4.62
16072,16074,5,5,1,0.276
16072,16077,5,5,1,0.358
16074,16072,5,5,1,0.276
16074,32700,5,5,1,0.596
16075,28033,5,5,1,0.175
16077,16072,5,5,1,0.358
16077,59477,5,5,6,3.626
16077,227831,5,5,1,0.589
16151,28477,5,5,2,2.38
16151,38051,5,5,1,0.719
16157,28476,5,5,1,0.752
16157,30344,5,5,2,2.526
16157,47628,5,5,7,7.862
16165,10305,5,5,4,3.005
16165,29199,5,5,1,0.416
16165,38054,5,5,10,7.68
16165,41249,5,5,1,0.32
16427,16428,5,5,1,0.26
16427,35550,5,5,1,0.347
16427,237384,5,5,1,0.339
16427,257129,5,5,1,0.567
16428,16427,5,5,1,0.26
16428,16436,5,5,1,0.233
16429,16430,5,5,1,1.016
16429,47626,5,5,1,0.148
16429,55622,5,5,1,0.863
16430,47128,5,5,1,0.291
16430,237382,5,5,1,0.336
16432,35612,5,5,2,0.579
16432,47626,5,5,2,2.075
16432,51494,5,5,2,2.21
16432,51496,5,5,1,1.679
16436,16428,5,5,1,0.233
16436,47645,5,5,1,0.27
16436,237381,5,5,2,0.466
16772,4624,5,5,3,1.434
16772,9369,5,5,1,1.507
16772,16775,5,5,4,2.415
16772,43766,5,5,1,0.747
16772,50077,5,5,1,0.81
16772,155370,5,5,1,0.893
16773,4627,5,5,6,1.4
16773,16774,5,5,2,1.052
16773,43766,5,5,2,1.439
16773,98967,5,5,2,1.048
16774,16780,5,5,4,1.149
16774,43766,5,5,1,0.729
16774,98967,5,5,1,0.176
16775,3562,5,5,9,19.012
16775,7258,5,5,1,0.35
16775,9369,5,5,1,0.908
16775,93274,5,5,1,0.397
16775,193612,5,5,1,0.378
16776,40109,5,5,1,2.611
16776,40116,5,5,5,3.686
16776,55774,5,5,1,1.468
16776,93274,5,5,2,2.239
16777,16778,5,5,1,0.395
16777,155367,5,5,1,0.293
16778,7258,5,5,1,0.821
16778,9369,5,5,1,0.286
16778,16777,5,5,1,0.395
16780,4624,5,5,1,0.339
16780,16774,5,5,4,1.149
16780,38178,5,5,10,2.978
16780,50077,5,5,1,0.301
17058,13897,5,5,1,0.397
17058,231120,5,5,7,5.588
17722,1421,5,5,10,3.035
17722,30454,5,5,2,2.83
17722,51497,5,5,5,1.653
18424,14939,5,5,5,6.233
18424,21964,5,5,3,2.759
18424,81482,5,5,1,0.092
18428,33170,5,5,1,0.558
18428,33173,5,5,1,0.629
19545,34332,5,5,1,0.936
19545,122309,5,5,1,0.371
19545,260325,5,5,2,0.378
20363,33802,5,5,1,0.262
20363,182764,5,5,1,0.421
20364,32402,5,5,1,0.52
20364,33805,5,5,2,1.333
20368,33803,5,5,1,0.323
20368,37384,5,5,1,0.448
20368,211943,5,5,1,0.393
20368,240910,5,5,1,1.756
21032,47626,5,5,7,5.026
21032,53704,5,5,1,0.305
21578,179237,5,5,1,0.294
21964,18424,5,5,4,2.759
22256,1419,5,5,2,0.981
22256,22261,5,5,1,0.718
22261,22256,5,5,1,0.718
22261,51494,5,5,3,1.593
22676,22677,5,5,1,0.613
22676,22679,5,5,2,0.975
22677,22676,5,5,1,0.613
22677,33170,5,5,1,0.425
22678,22679,5,5,1,0.353
22678,41244,5,5,1,0.373
22679,22676,5,5,1,0.975
22679,22677,5,5,3,1.583
22679,22678,5,5,1,0.353
22679,33185,5,5,1,0.305
22679,254396,5,5,3,0.731
23121,138950,5,5,1,0.167
23121,162668,5,5,1,0.251
25178,16151,5,5,1,1.523
25178,29277,5,5,1,0.831
25178,38051,5,5,1,0.905
25178,61287,5,5,6,3.526
25178,61288,5,5,1,0.598
25505,39933,5,5,1,0.599
25505,40114,5,5,6,3.931
25505,40115,5,5,6,3.098
25505,226457,5,5,3,3.129
25506,42711,5,5,15,10.028
25506,121758,5,5,2,0.549
25507,35703,5,5,8,7.888
25507,44615,5,5,6,6.805
25507,142261,5,5,1,0.543
26034,4653,5,5,1,0.417
26034,41824,5,5,1,1.84
26035,2663,5,5,1,0.77
26035,26037,5,5,1,0.517
26037,4653,5,5,1,0.472
26037,26035,5,5,1,0.517
26043,33806,5,5,2,0.629
26043,38054,5,5,8,4.604
26247,11501,5,5,1,1.043
26247,26255,5,5,1,0.49
26249,26250,5,5,1,0.384
26249,26251,5,5,1,0.687
26249,45366,5,5,1,0.385
26249,138949,5,5,1,0.326
26250,26249,5,5,1,0.384
26250,26251,5,5,1,0.304
26250,138949,5,5,1,0.059
26251,26250,5,5,1,0.304
26251,35702,5,5,1,0.462
26252,26253,5,5,1,0.28
26252,145900,5,5,1,0.214
26253,26252,5,5,1,0.28
26253,127827,5,5,1,0.196
26254,7245,5,5,1,0.319
26254,133653,5,5,1,0.289
26254,162669,5,5,1,0.237
26255,11500,5,5,1,1.274
26255,14939,5,5,5,7.581
26255,26247,5,5,1,0.49
26255,35702,5,5,1,0.51
26255,87113,5,5,1,0.398
26255,204553,5,5,2,0.556
27100,7245,5,5,2,0.365
27100,26255,5,5,2,0.986
27100,28479,5,5,2,2.952
27100,35702,5,5,1,1.128
27100,39784,5,5,1,0.474
27714,46712,5,5,7,4.35
27714,46720,5,5,1,0.984
28025,37803,5,5,1,0.223
28025,37804,5,5,1,0.299
28026,14308,5,5,1,0.453
28026,81481,5,5,1,0.493
28033,16075,5,5,1,0.175
28033,32700,5,5,2,1.212
28116,32402,5,5,1,0.587
28116,188326,5,5,3,1.27
28137,30945,5,5,3,2.497
28137,30947,5,5,1,0.392
28268,38178,5,5,1,1.076
28268,127830,5,5,1,1.47
28268,162666,5,5,3,3.106
28268,192030,5,5,2,2.535
28476,16157,5,5,1,0.752
28476,61290,5,5,1,0.75
28477,16151,5,5,2,2.38
28477,28478,5,5,1,1.018
28478,28477,5,5,1,1.018
28478,28479,5,5,1,0.466
28478,198750,5,5,1,1.026
28479,11498,5,5,1,0.788
28479,27100,5,5,3,2.952
28479,28478,5,5,1,0.466
28479,46271,5,5,4,5.19
29152,151563,5,5,1,1.594
29152,151564,5,5,1,0.646
29199,4653,5,5,5,2.693
29199,16165,5,5,1,0.416
29199,41249,5,5,1,0.334
29199,41824,5,5,1,0.438
29277,25178,5,5,2,0.831
29277,33182,5,5,1,0.218
29277,38051,5,5,2,1.727
29514,36185,5,5,1,0.202
29514,47645,5,5,1,0.223
29514,151333,5,5,1,0.555
29518,36198,5,5,1,0.094
29518,151333,5,5,2,0.79
29518,257132,5,5,2,0.867
30013,13898,5,5,3,1.839
30013,160822,5,5,1,0.067
30016,38178,5,5,1,0.872
30016,49953,5,5,1,0.524
30016,49954,5,5,2,0.435
30016,49955,5,5,2,1.069
30016,61309,5,5,1,0.357
30344,16157,5,5,3,2.526
30344,33185,5,5,1,0.637
30344,53381,5,5,1,0.367
30454,1422,5,5,1,0.078
30454,1423,5,5,6,1.564
30454,17722,5,5,3,2.83
30941,30947,5,5,1,0.638
30941,121857,5,5,1,0.223
30942,31353,5,5,1,1.15
30942,121855,5,5,1,0.775
30945,28137,5,5,3,2.497
30945,30947,5,5,4,2.89
30945,37602,5,5,2,1.386
30945,121856,5,5,1,1.883
30945,186653,5,5,1,0.483
30946,37603,5,5,4,3.747
30946,37802,5,5,4,2.693
30947,28137,5,5,1,0.392
30947,30941,5,5,1,0.638
30947,30945,5,5,4,2.89
31353,30942,5,5,1,1.15
31353,31357,5,5,2,1.194
31357,31353,5,5,1,1.194
31357,151562,5,5,1,0.55
32401,166170,5,5,1,1.551
32401,194681,5,5,4,4.04
32401,194682,5,5,3,4.057
32402,20364,5,5,1,0.52
32402,28116,5,5,1,0.587
32403,38049,5,5,1,0.658
32403,226320,5,5,1,3.589
32404,38049,5,5,1,0.439
32404,51502,5,5,1,0.227
32406,38051,5,5,5,3.31
32406,46271,5,5,8,8.438
32406,194681,5,5,1,1.351
32406,194682,5,5,1,1.329
32516,13901,5,5,3,2.786
32700,16074,5,5,1,0.596
32700,28033,5,5,2,1.212
33170,18428,5,5,1,0.558
33170,22677,5,5,1,0.425
33173,18428,5,5,1,0.629
33173,47628,5,5,2,1.489
33182,29277,5,5,1,0.218
33182,41244,5,5,1,0.529
33185,22679,5,5,1,0.305
33185,30344,5,5,1,0.637
33425,14926,5,5,1,0.162
33425,32406,5,5,16,9.814
33425,88940,5,5,1,0.475
33425,90023,5,5,10,0.505
33425,101898,5,5,1,0.264
33425,129049,5,5,1,0.479
33425,203499,5,5,1,0.288
33802,20363,5,5,1,0.262
33802,211946,5,5,1,1.069
33802,211955,5,5,1,0.528
33803,20368,5,5,1,0.323
33803,76012,5,5,1,1.279
33804,37384,5,5,1,0.383
33804,211946,5,5,1,0.498
33805,7986,5,5,2,0.661
33805,20364,5,5,1,1.333
33806,26043,5,5,2,0.629
33806,33807,5,5,9,4.07
33806,33809,5,5,4,2.087
33807,16165,5,5,15,7.619
33807,26043,5,5,3,4.387
33807,33806,5,5,9,4.07
33807,37384,5,5,8,7.769
33807,38054,5,5,1,0.249
33808,1422,5,5,1,0.218
33808,33809,5,5,1,1.07
33809,1422,5,5,3,1.023
33809,33806,5,5,8,2.087
33809,33808,5,5,1,1.07
33892,33892,5,5,1,0
33892,179910,5,5,1,0.204
33893,33892,5,5,1,0.24
33893,99671,5,5,1,0.16
33896,129046,5,5,1,0.153
33896,159432,5,5,1,0.293
34332,34335,5,5,2,1.58
34332,49239,5,5,3,2.327
34332,57436,5,5,1,0.67
34333,34335,5,5,2,2.078
34333,40109,5,5,1,3.97
34333,40114,5,5,1,2.65
34333,164437,5,5,1,0.036
34334,34335,5,5,1,0.328
34334,34336,5,5,1,3.022
34334,34337,5,5,3,2.426
34334,149413,5,5,4,3.783
34334,164436,5,5,3,1.979
34335,34332,5,5,2,1.58
34335,34333,5,5,1,2.078
34335,34334,5,5,1,0.328
34335,164435,5,5,2,1.981
34335,164436,5,5,3,2.048
34336,34334,5,5,7,3.022
34336,34337,5,5,2,1.324
34336,34338,5,5,1,2.27
34336,34339,5,5,5,3.112
34337,34334,5,5,4,2.426
34337,34336,5,5,3,1.324
34338,1983,5,5,2,2.308
34338,34336,5,5,5,2.27
34338,34339,5,5,1,1.873
34338,149411,5,5,1,0.308
34338,164436,5,5,3,3.961
34339,1985,5,5,1,1.051
34339,34336,5,5,5,3.112
34339,34338,5,5,3,1.873
34340,1982,5,5,9,4.435
34340,40114,5,5,4,4.568
35008,1981,5,5,4,3.433
35008,40113,5,5,5,3.32
35008,150405,5,5,6,2.962
35226,2663,5,5,1,1.158
35226,4612,5,5,1,1.169
35245,4651,5,5,4,1.612
35245,4653,5,5,2,1.985
35306,4609,5,5,4,1.053
35306,44615,5,5,3,2.844
35306,49955,5,5,7,4.102
35550,16427,5,5,1,0.347
35550,35612,5,5,1,0.744
35607,35608,5,5,1,0.424
35607,47626,5,5,1,1.444
35607,247293,5,5,2,0.901
35608,35607,5,5,1,0.424
35608,51499,5,5,3,1.52
35608,196680,5,5,1,0.455
35612,16432,5,5,2,0.579
35612,35550,5,5,1,0.744
35612,51499,5,5,2,2.144
35612,55621,5,5,2,0.566
35612,55622,5,5,5,0.678
35702,26251,5,5,1,0.462
35702,26255,5,5,1,0.51
35702,28479,5,5,3,3.918
35702,87113,5,5,1,0.191
35702,133651,5,5,3,0.424
35702,138948,5,5,1,0.335
35703,825,5,5,1,0.919
35703,827,5,5,1,0.719
35703,2308,5,5,4,0.536
35703,6351,5,5,8,3.584
35703,25507,5,5,8,7.888
35703,42711,5,5,1,0.589
35703,44614,5,5,7,11.981
35703,44616,5,5,7,6.384
35703,105617,5,5,2,0.771
35703,105627,5,5,3,1.083
35703,134965,5,5,3,0.856
35990,3558,5,5,4,3.146
35990,3559,5,5,1,2.386
35990,43764,5,5,2,0.828
35990,67031,5,5,1,0.582
35990,199851,5,5,1,0.349
35997,37598,5,5,5,2.352
35997,132755,5,5,4,2.68
35997,144255,5,5,1,0.288
36185,29514,5,5,1,0.202
36185,36198,5,5,1,0.397
36185,151333,5,5,1,0.541
36185,237381,5,5,1,0.215
36198,29518,5,5,1,0.094
36198,36185,5,5,1,0.397
37384,33804,5,5,1,0.383
37384,211943,5,5,1,0.056
37598,10104,5,5,3,2.819
37598,35997,5,5,2,2.352
37598,118927,5,5,3,3.148
37598,132755,5,5,1,1.868
37602,30945,5,5,2,1.386
37602,38053,5,5,1,0.479
37603,30946,5,5,5,3.747
37603,231121,5,5,1,0.114
37798,41423,5,5,1,2.531
37798,41429,5,5,1,1.086
37798,101420,5,5,2,0.714
37798,155365,5,5,1,0.514
37798,165176,5,5,1,0.221
37800,3272,5,5,1,0.349
37800,41673,5,5,1,0.521
37800,101419,5,5,1,0.263
37801,3272,5,5,5,1.712
37801,37802,5,5,1,0.409
37801,101419,5,5,4,1.656
37802,30946,5,5,5,2.693
37802,37801,5,5,1,0.409
37802,38053,5,5,2,2.215
37802,186654,5,5,2,1.427
37803,2868,5,5,6,2.799
37803,3720,5,5,3,1.433
37803,28025,5,5,1,0.223
37803,169916,5,5,6,2.757
37804,28025,5,5,1,0.299
37804,109461,5,5,1,0.612
37805,37805,5,5,1,0
37805,49244,5,5,1,1.111
38049,32403,5,5,1,0.658
38049,32404,5,5,1,0.439
38050,51501,5,5,2,1.844
38050,51502,5,5,1,0.417
38051,16151,5,5,1,0.719
38051,25178,5,5,1,0.905
38051,32406,5,5,5,3.31
38051,61288,5,5,2,1.015
38053,37602,5,5,1,0.479
38053,37802,5,5,4,2.215
38054,7986,5,5,1,0.334
38054,33807,5,5,1,0.249
38178,14755,5,5,2,0.51
38178,14926,5,5,1,0.879
38178,14939,5,5,6,4.052
38178,16780,5,5,10,2.978
38178,28268,5,5,1,1.076
38178,30016,5,5,1,0.872
38178,33425,5,5,3,1.025
38178,38178,5,5,1,0
38178,40109,5,5,20,11.603
38178,47628,5,5,22,16.725
38178,49953,5,5,4,1.318
38178,49955,5,5,2,1.745
38178,61309,5,5,5,1.162
38178,90023,5,5,2,0.568
38178,129050,5,5,1,0.293
38178,159429,5,5,1,0.683
38178,162666,5,5,6,3.488
39248,8798,5,5,1,0.38
39248,14749,5,5,2,2.003
39248,39249,5,5,1,0.289
39249,14749,5,5,6,2.241
39249,39248,5,5,1,0.289
39249,46713,5,5,1,0.316
39784,7245,5,5,1,0.216
39784,27100,5,5,1,0.474
39784,162665,5,5,1,0.331
39933,25505,5,5,1,0.599
39933,261920,5,5,1,0.912
39933,261921,5,5,1,0.916
40108,40109,5,5,1,1.214
40108,40116,5,5,3,1.528
40109,16776,5,5,1,2.611
40109,34333,5,5,3,3.97
40109,38178,5,5,8,11.603
40109,40108,5,5,1,1.214
40109,141758,5,5,3,2.635
40109,164434,5,5,2,3.91
40109,164437,5,5,1,4.004
40113,35008,5,5,1,3.32
40113,65878,5,5,5,3.883
40113,132078,5,5,5,2.955
40114,34333,5,5,1,2.65
40114,34340,5,5,9,4.568
40114,40114,5,5,1,0
40114,40115,5,5,5,2.691
40115,226457,5,5,1,0.359
40115,226459,5,5,1,0.37
40115,226460,5,5,1,0.156
40115,261923,5,5,8,3.837
40116,16776,5,5,5,3.686
40116,40108,5,5,3,1.528
40116,226457,5,5,1,0.403
40116,261923,5,5,8,4.194
40668,25506,5,5,2,0.706
40668,121757,5,5,1,0.766
41244,22678,5,5,1,0.373
41244,33182,5,5,1,0.529
41249,16165,5,5,1,0.32
41249,240911,5,5,1,0.796
41364,41397,5,5,1,0.279
41364,44686,5,5,1,0.228
41364,47635,5,5,1,0.546
41382,41397,5,5,1,0.468
41382,41412,5,5,1,0.28
41382,44686,5,5,2,0.688
41397,41364,5,5,1,0.279
41397,41382,5,5,1,0.468
41412,41382,5,5,1,0.28
41412,41423,5,5,2,0.912
41412,41441,5,5,1,0.445
41423,37798,5,5,3,2.531
41423,38178,5,5,24,18.325
41423,41673,5,5,3,2.793
41423,47628,5,5,1,1.644
41423,100154,5,5,1,0.513
41423,101420,5,5,6,3.234
41423,165175,5,5,4,2.343
41429,41441,5,5,1,0.991
41429,41673,5,5,2,1.373
41429,165175,5,5,2,0.901
41441,41412,5,5,1,0.445
41441,41429,5,5,2,0.991
41673,3272,5,5,3,0.856
41673,37800,5,5,1,0.521
41673,41423,5,5,3,2.793
41673,41429,5,5,3,1.373
41673,46344,5,5,5,4.619
41673,101419,5,5,1,0.514
41821,2454,5,5,1,2.166
41821,47626,5,5,2,1.293
41824,26034,5,5,1,1.84
41824,29199,5,5,1,0.438
41960,32116,5,5,1,0.104
41960,41979,5,5,3,1.983
41960,46611,5,5,5,0.731
41979,41960,5,5,3,1.983
41979,46581,5,5,2,2.037
42711,826,5,5,1,0.236
42711,827,5,5,2,0.488
42711,25506,5,5,13,10.028
42711,35703,5,5,1,0.589
43764,3560,5,5,1,1.143
43764,35990,5,5,3,0.828
43764,132754,5,5,3,1.443
43764,260324,5,5,5,0.826
43764,260325,5,5,6,1.073
43764,260326,5,5,3,0.647
43766,7258,5,5,1,1.318
43766,9369,5,5,1,0.759
43766,16772,5,5,1,0.747
43766,16775,5,5,1,1.668
43766,16778,5,5,1,0.517
44614,35703,5,5,9,11.981
44614,44615,5,5,5,2.746
44614,128821,5,5,1,2.022
44615,4632,5,5,3,2.799
44615,25507,5,5,6,6.805
44615,35306,5,5,3,2.844
44615,44614,5,5,3,2.746
44615,128820,5,5,1,0.81
44615,155364,5,5,3,0.348
44616,12148,5,5,1,0.22
44616,44617,5,5,2,1.173
44616,134965,5,5,4,5.544
44616,217615,5,5,1,0.953
44617,6348,5,5,10,4.162
44617,44616,5,5,2,1.173
44617,44618,5,5,3,3.964
44617,217614,5,5,1,0.164
44618,10305,5,5,3,3.525
44618,44617,5,5,5,3.964
44618,85419,5,5,1,0.368
44686,41364,5,5,1,0.228
44686,47635,5,5,1,0.317
45366,26249,5,5,1,0.385
45366,45367,5,5,1,0.196
45367,45366,5,5,1,0.196
45367,203499,5,5,1,0.272
45367,213175,5,5,1,0.296
45369,33425,5,5,1,0.331
45369,45369,5,5,1,0
45369,88940,5,5,2,0.353
45371,45371,5,5,1,0
45371,119368,5,5,1,0.266
45371,237487,5,5,1,0.252
45372,45372,5,5,1,0
45372,88943,5,5,1,0.317
45373,46271,5,5,1,0.803
45373,104408,5,5,1,0.226
45373,126709,5,5,1,0.549
46271,4612,5,5,1,0.936
46271,4627,5,5,7,3.371
46271,27100,5,5,1,2.36
46271,28479,5,5,4,5.19
46271,32406,5,5,8,8.438
46271,33802,5,5,10,5.698
46271,45373,5,5,1,0.803
46271,46271,5,5,1,0
46271,88942,5,5,1,0.218
46344,41673,5,5,12,4.619
46344,231121,5,5,5,0.403
46581,41979,5,5,3,2.037
46581,51496,5,5,1,1.036
46611,41960,5,5,5,0.731
46611,126522,5,5,1,0.09
46708,11177,5,5,1,0.317
46708,46709,5,5,1,0.724
46709,46708,5,5,1,0.724
46709,46714,5,5,1,0.37
46710,11177,5,5,1,0.403
46710,46721,5,5,1,0.236
46712,1963,5,5,1,0.758
46712,27714,5,5,5,4.35
46712,46713,5,5,1,0.535
46712,46715,5,5,1,1.452
46712,46720,5,5,5,3.456
46712,110445,5,5,4,3.371
46713,39249,5,5,1,0.316
46713,46712,5,5,1,0.535
46714,46709,5,5,1,0.37
46714,46715,5,5,1,0.455
46714,96198,5,5,1,0.224
46715,46712,5,5,1,1.452
46715,46714,5,5,1,0.455
46715,96197,5,5,1,0.217
46720,27714,5,5,1,0.984
46720,46721,5,5,1,0.39
46720,105953,5,5,1,0.217
46721,46710,5,5,1,0.236
46721,46720,5,5,1,0.39
46721,105953,5,5,1,0.337
46721,110445,5,5,1,0.513
47013,2454,5,5,2,2.261
47013,47626,5,5,4,1.619
47128,16429,5,5,1,0.758
47128,16430,5,5,1,0.291
47128,55622,5,5,1,0.682
47128,257128,5,5,1,0.389
47128,257130,5,5,1,0.127
47626,2461,5,5,4,3.394
47626,14914,5,5,3,1.734
47626,16429,5,5,1,0.148
47626,16432,5,5,2,2.075
47626,21032,5,5,8,5.026
47626,35607,5,5,2,1.444
47626,41821,5,5,2,1.293
47626,47013,5,5,6,1.619
47628,16157,5,5,7,7.862
47628,33173,5,5,2,1.489
47628,38178,5,5,22,16.725
47628,41423,5,5,2,1.644
47628,47635,5,5,1,0.93
47628,245924,5,5,1,1.537
47635,44686,5,5,1,0.317
47635,47628,5,5,1,0.93
47645,16436,5,5,1,0.27
47645,29514,5,5,1,0.223
49238,49241,5,5,1,0.269
49238,49244,5,5,2,1.454
49239,34332,5,5,2,2.327
49239,40108,5,5,3,4.233
49239,49242,5,5,2,2.759
49239,49498,5,5,2,0.884
49240,3554,5,5,1,0.827
49240,49239,5,5,1,0.934
49240,49241,5,5,1,0.374
49240,49498,5,5,1,0.438
49241,49238,5,5,1,0.269
49241,49240,5,5,1,0.374
49242,49239,5,5,1,2.759
49242,55772,5,5,3,2.585
49242,55773,5,5,1,2.584
49243,49245,5,5,2,1.529
49243,227429,5,5,1,0.582
49244,37805,5,5,1,1.111
49244,49238,5,5,1,1.454
49244,49245,5,5,3,2.062
49245,49243,5,5,2,1.529
49245,49244,5,5,3,2.062
49447,825,5,5,5,5.175
49447,49448,5,5,5,2.594
49448,49447,5,5,6,2.594
49448,115675,5,5,3,4.224
49498,3554,5,5,1,0.75
49498,49239,5,5,2,0.884
49498,49240,5,5,1,0.438
49703,11344,5,5,1,0.793
49703,85817,5,5,1,0.44
49953,14745,5,5,3,0.669
49953,14752,5,5,1,0.395
49953,30016,5,5,1,0.524
49954,30016,5,5,1,0.435
49954,49956,5,5,1,0.374
49954,61309,5,5,2,0.484
49955,4624,5,5,1,0.967
49955,4627,5,5,8,2.995
49955,16773,5,5,4,2.732
49955,35306,5,5,6,4.102
49955,38178,5,5,4,1.745
49955,117152,5,5,1,0.647
49955,125776,5,5,1,0.263
49955,138747,5,5,2,0.971
49956,2378,5,5,1,0.156
49956,49954,5,5,1,0.374
50077,16772,5,5,1,0.81
50077,16780,5,5,1,0.301
51494,1419,5,5,10,3.189
51494,16432,5,5,1,2.21
51494,22261,5,5,2,1.593
51496,16432,5,5,1,1.679
51496,46581,5,5,1,1.036
51497,17722,5,5,1,1.653
51497,51498,5,5,5,1.26
51498,51497,5,5,5,1.26
51498,51499,5,5,5,3.255
51499,35608,5,5,4,1.52
51499,35612,5,5,3,2.144
51499,51498,5,5,5,3.255
51501,2454,5,5,2,3.426
51501,38050,5,5,1,1.844
51502,32404,5,5,1,0.227
51502,38050,5,5,1,0.417
53381,22679,5,5,3,0.713
53704,13899,5,5,1,1.975
53705,21032,5,5,1,0.396
55621,35612,5,5,3,0.566
55622,16429,5,5,1,0.863
55622,16430,5,5,1,0.924
55622,35612,5,5,3,0.678
55622,47128,5,5,2,0.682
55622,217799,5,5,3,0.767
55771,55774,5,5,1,0.727
55771,227427,5,5,1,1.627
55772,55774,5,5,3,1.505
55773,49239,5,5,8,5.331
55773,49242,5,5,1,2.584
55773,55774,5,5,1,1.507
55774,55771,5,5,4,0.727
55774,55773,5,5,1,1.507
55774,93274,5,5,1,0.807
57429,3560,5,5,1,0.322
57429,209454,5,5,1,0.329
57434,260324,5,5,1,0.215
57435,9583,5,5,1,0.558
57435,64480,5,5,1,0.057
57435,229063,5,5,1,0.228
57436,19545,5,5,1,0.269
57437,250264,5,5,3,0.147
59475,227830,5,5,3,3.304
59477,151565,5,5,1,0.252
61287,25178,5,5,6,3.526
61288,25178,5,5,1,0.598
61288,38051,5,5,1,1.015
61290,28478,5,5,1,1.027
61309,49955,5,5,1,0.721
61310,14745,5,5,1,0.3
61310,30016,5,5,1,0.372
64480,6299,5,5,1,0.32
65878,826,5,5,2,0.535
65879,826,5,5,1,0.526
65879,40113,5,5,5,3.897
66478,20363,5,5,1,0.634
67031,229062,5,5,1,0.11
67032,8730,5,5,2,0.811
67032,258576,5,5,1,0.276
67037,209454,5,5,1,0.451
67037,229065,5,5,1,0.188
67582,67584,5,5,6,1.143
67583,67585,5,5,1,1.124
67584,149654,5,5,1,0.317
67585,231120,5,5,10,6.249
67587,67583,5,5,2,0.378
70680,129048,5,5,2,0.251
70681,45372,5,5,1,0.216
71187,41382,5,5,1,0.571
74641,35607,5,5,1,0.904
75077,16430,5,5,1,0.279
76012,33803,5,5,1,1.279
76012,66478,5,5,1,0.221
76013,76012,5,5,1,0.259
77895,1984,5,5,1,0.162
81481,18424,5,5,1,0.142
81482,14309,5,5,4,3.381
81482,28026,5,5,1,0.571
85419,25507,5,5,7,3.703
85817,10305,5,5,2,3.254
86329,86330,5,5,1,1.263
86330,86331,5,5,1,1.226
86331,13899,5,5,1,1.387
86331,13900,5,5,2,0.899
87108,11500,5,5,1,0.657
87113,162666,5,5,1,0.247
87593,1984,5,5,1,0.039
87594,1983,5,5,1,0.158
87594,1985,5,5,1,0.51
87595,1984,5,5,1,0.446
87595,87593,5,5,1,0.414
88940,45373,5,5,2,0.512
88940,98554,5,5,1,0.279
88941,104409,5,5,1,0.149
88942,237487,5,5,1,0.372
88943,45373,5,5,1,0.292
89396,147751,5,5,1,0.006
90022,130008,5,5,2,0.18
90023,14309,5,5,15,7.461
90023,14755,5,5,1,0.327
90023,14926,5,5,4,0.344
90023,14939,5,5,15,4.62
90023,38178,5,5,2,0.568
90023,129049,5,5,1,0.044
90025,127826,5,5,1,0.334
91483,2456,5,5,2,1.154
91483,170380,5,5,1,1.228
93274,16775,5,5,1,0.397
93274,115562,5,5,1,0.823
96197,46714,5,5,1,0.237
96198,46715,5,5,1,0.23
96266,90025,5,5,2,0.22
98554,45373,5,5,1,0.233
98554,250392,5,5,3,0.53
98967,16773,5,5,2,1.048
98967,16774,5,5,1,0.176
99143,3559,5,5,1,2.39
99143,199851,5,5,2,1.045
99671,166019,5,5,1,0.203
100154,41412,5,5,1,0.458
101419,3272,5,5,1,0.55
101419,37801,5,5,6,1.656
101419,41673,5,5,1,0.514
101419,165178,5,5,2,0.903
101420,3272,5,5,1,0.499
101420,174931,5,5,1,0.329
101421,3272,5,5,3,0.517
101421,37798,5,5,2,0.688
101421,41423,5,5,5,3.208
101421,155366,5,5,1,0.313
101421,174931,5,5,1,0.302
101898,138947,5,5,2,0.369
102347,28479,5,5,1,0.663
104306,11500,5,5,1,0.34
104306,104309,5,5,1,0.102
104307,104310,5,5,1,0.352
104308,204550,5,5,1,0.255
104309,11498,5,5,3,2.205
104309,11501,5,5,2,1.159
104310,104306,5,5,1,0.296
104406,213173,5,5,1,0.169
104407,161976,5,5,1,0.194
104408,88941,5,5,1,0.144
104409,45371,5,5,1,0.296
105617,825,5,5,1,0.161
105627,6351,5,5,14,4.189
105953,46720,5,5,1,0.217
105953,46721,5,5,1,0.337
109222,32516,5,5,1,0.331
109435,147755,5,5,1,0.24
109461,37804,5,5,1,0.612
110445,14310,5,5,4,1.711
112312,29518,5,5,1,0.873
112312,217802,5,5,1,0.361
112312,237383,5,5,1,0.268
112312,257132,5,5,1,0.336
115562,16776,5,5,1,1.451
115562,55773,5,5,2,1.495
115669,49448,5,5,5,4.213
115675,49444,5,5,2,1.86
117152,4624,5,5,1,0.389
118925,10104,5,5,1,0.191
118927,118928,5,5,2,1.539
119130,49240,5,5,1,0.33
119365,45369,5,5,5,0.181
119365,250392,5,5,5,1.231
119368,4612,5,5,1,0.777
119368,46271,5,5,1,0.17
121757,39933,5,5,1,1.088
121757,261921,5,5,1,0.187
121758,40668,5,5,1,0.156
121855,30941,5,5,1,0.222
121856,28137,5,5,1,0.614
121857,30942,5,5,1,0.775
122309,219338,5,5,1,0.853
122309,260324,5,5,1,0.947
122316,57435,5,5,1,0.066
122332,250262,5,5,1,0.32
122336,209453,5,5,1,0.103
122546,9583,5,5,2,0.577
122546,57435,5,5,1,0.275
122549,122552,5,5,1,0.317
122552,219335,5,5,1,0.18
123790,4609,5,5,5,3.046
123790,123791,5,5,3,1.033
123792,123790,5,5,1,1.018
125097,825,5,5,1,0.283
125098,35703,5,5,5,0.31
125098,134965,5,5,3,0.643
125776,14745,5,5,2,0.7
125776,30016,5,5,2,0.819
125776,61310,5,5,1,0.453
126059,104307,5,5,1,0.258
126520,46611,5,5,1,0.092
126709,33425,5,5,1,0.438
126709,213175,5,5,1,0.201
127826,28268,5,5,2,1.317
127827,23121,5,5,1,0.164
127828,33893,5,5,1,0.17
127829,33896,5,5,1,0.288
127829,38178,5,5,1,0.79
127830,90022,5,5,1,0.117
127933,4632,5,5,1,0.852
127933,4651,5,5,1,1.483
128272,50077,5,5,1,1.034
128820,10305,5,5,3,4.557
128820,44614,5,5,2,1.956
128821,44615,5,5,1,0.736
129046,104406,5,5,1,0.31
129048,138951,5,5,1,0.309
129049,38178,5,5,1,0.61
129050,38178,5,5,1,0.293
130008,139898,5,5,1,0.115
130098,130099,5,5,1,0.258
130099,223460,5,5,1,0.165
132078,35008,5,5,1,0.386
132754,37598,5,5,1,1.891
132755,8730,5,5,1,0.597
132755,43764,5,5,1,1.458
133651,162667,5,5,1,0.206
133653,172486,5,5,1,0.224
134965,2308,5,5,1,0.647
134965,6351,5,5,7,3.189
134965,35703,5,5,3,0.856
134965,44616,5,5,4,5.544
136545,145907,5,5,1,0.106
137789,2869,5,5,1,1.653
137907,4627,5,5,1,0.222
138747,16772,5,5,4,1.431
138947,70680,5,5,1,0.474
138948,26250,5,5,1,0.424
138949,26249,5,5,1,0.326
138949,26252,5,5,1,0.541
138950,26253,5,5,1,0.193
138951,45369,5,5,1,0.167
139898,149898,5,5,1,0.159
141758,55773,5,5,1,0.321
142261,11344,5,5,4,2.407
144255,255123,5,5,1,1.107
144256,35997,5,5,1,0.419
145900,26249,5,5,1,0.609
145907,27100,5,5,1,0.158
147751,157638,5,5,1,0.311
147754,2867,5,5,1,0.324
147755,33893,5,5,1,0.366
149318,1984,5,5,1,0.277
149411,34334,5,5,3,3.773
149413,34338,5,5,1,0.307
149654,8110,5,5,1,0.401
149898,89396,5,5,1,0.096
150405,1982,5,5,5,1.831
151333,75077,5,5,1,0.566
151562,29152,5,5,1,1.567
151563,31357,5,5,1,0.528
151564,59475,5,5,1,0.402
151565,29152,5,5,1,0.678
155364,128821,5,5,2,0.552
155365,101420,5,5,1,0.29
155365,101421,5,5,2,0.267
155366,37798,5,5,1,0.406
155367,16772,5,5,2,0.805
155367,128272,5,5,1,0.558
155370,16777,5,5,1,0.201
157638,157639,5,5,1,0.234
157639,96266,5,5,1,0.629
159429,33896,5,5,1,0.296
159432,38178,5,5,1,0.672
160819,30013,5,5,1,0.079
160822,13901,5,5,1,0.386
161976,70681,5,5,1,0.12
162665,35702,5,5,1,0.322
162665,133651,5,5,1,0.582
162665,192029,5,5,1,0.478
162665,192031,5,5,2,1.426
162666,39784,5,5,1,0.23
162667,126059,5,5,1,0.686
162668,26254,5,5,1,0.184
162669,23121,5,5,1,0.227
164434,164437,5,5,1,0.133
164435,40109,5,5,5,3.915
164436,34333,5,5,1,0.033
164436,40109,5,5,4,3.991
164437,34334,5,5,3,1.986
164437,34335,5,5,1,2.058
164437,34338,5,5,2,3.946
165175,37798,5,5,1,0.231
165176,41423,5,5,5,2.354
165176,41429,5,5,4,0.912
165177,3272,5,5,2,0.528
165177,101419,5,5,2,0.889
166019,213176,5,5,1,0.27
166170,32403,5,5,2,3.598
169916,2868,5,5,2,0.677
169916,14304,5,5,2,0.649
169917,2868,5,5,1,0.621
170378,91483,5,5,2,1.224
170379,13896,5,5,2,1.495
170380,211159,5,5,2,0.692
172486,136545,5,5,1,0.11
172578,20368,5,5,1,0.404
174931,37798,5,5,1,0.405
179910,127829,5,5,1,0.266
181078,181079,5,5,1,0.636
181079,39249,5,5,1,1.056
182763,20368,5,5,1,0.454
182764,76013,5,5,1,0.149
182765,33804,5,5,1,0.471
184985,3556,5,5,5,2.157
184985,3563,5,5,6,2.921
184985,184986,5,5,1,0.503
184986,184985,5,5,1,0.503
184986,211353,5,5,1,2.6
185714,13897,5,5,4,3.383
185715,13896,5,5,1,0.83
186653,37802,5,5,1,1.394
186654,30945,5,5,1,0.451
188326,28116,5,5,3,1.27
192029,192031,5,5,1,0.954
192030,87113,5,5,1,0.386
192031,28268,5,5,1,1.703
192031,38178,5,5,3,2.39
193612,16776,5,5,2,2.246
193612,55771,5,5,3,1.333
193612,55774,5,5,1,0.82
193612,115562,5,5,1,0.835
194153,2455,5,5,3,2.618
194153,14881,5,5,1,0.39
194681,32401,5,5,3,4.04
194681,32406,5,5,1,1.351
194682,32401,5,5,4,4.057
194682,32406,5,5,1,1.329
194682,240428,5,5,2,2.285
196680,35608,5,5,1,0.455
198365,46712,5,5,1,3.357
198365,81481,5,5,3,5.611
198750,28476,5,5,1,0.744
199851,35990,5,5,2,0.349
199851,99143,5,5,1,1.045
203499,33425,5,5,1,0.288
203499,45367,5,5,1,0.272
203499,88940,5,5,2,0.244
204550,26255,5,5,1,0.628
204550,204553,5,5,1,0.2
204553,26255,5,5,1,0.556
204553,87108,5,5,1,0.213
204644,49703,5,5,1,0.451
207009,25507,5,5,1,0.549
209453,35990,5,5,2,0.574
209454,260327,5,5,1,0.143
211159,2457,5,5,1,0.583
211159,170378,5,5,1,0.693
211159,170379,5,5,1,0.696
211353,211354,5,5,1,0.266
211354,3561,5,5,1,0.281
211354,3562,5,5,1,0.317
211355,3556,5,5,1,2.713
211356,211355,5,5,1,0.289
211357,3563,5,5,4,2.322
211943,33807,5,5,2,7.757
211943,194681,5,5,3,3.508
211946,33804,5,5,1,0.498
211946,211954,5,5,1,0.551
211954,20363,5,5,1,0.527
211954,33802,5,5,1,0.517
211955,182765,5,5,1,0.572
213173,109435,5,5,1,0.141
213175,33425,5,5,1,0.277
213175,45367,5,5,1,0.296
213176,127828,5,5,1,0.361
217614,44616,5,5,1,1.011
217615,44617,5,5,1,0.225
217799,237387,5,5,1,0.234
217800,257128,5,5,1,0.439
217802,151333,5,5,1,0.397
217802,257127,5,5,1,0.143
219335,122332,5,5,1,0.298
219338,3560,5,5,1,0.506
219338,67032,5,5,1,0.129
219338,122549,5,5,1,0.403
219338,229060,5,5,1,0.722
219338,240157,5,5,1,0.169
219338,260324,5,5,1,0.105
219338,260325,5,5,3,0.843
221126,6348,5,5,3,2.077
223460,14881,5,5,1,0.237
226320,32401,5,5,1,1.562
226457,25505,5,5,7,3.129
226457,40115,5,5,1,0.359
226459,40116,5,5,2,0.397
226460,40114,5,5,5,2.659
227427,49243,5,5,1,0.627
227429,3720,5,5,1,0.651
227429,55771,5,5,1,1.688
227830,16077,5,5,1,0.559
227831,59477,5,5,5,3.39
229060,19545,5,5,1,0.498
229062,122546,5,5,1,0.203
229063,122336,5,5,1,0.22
229065,3554,5,5,1,0.555
230710,6353,5,5,3,1.408
231120,37603,5,5,1,0.109
231120,46344,5,5,1,0.383
231121,17058,5,5,7,5.567
231121,67582,5,5,5,6.231
234456,21578,5,5,1,0.303
237381,151333,5,5,1,0.503
237382,112312,5,5,1,0.436
237383,29514,5,5,1,0.385
237383,36185,5,5,1,0.351
237383,47645,5,5,1,0.466
237384,237381,5,5,1,1.292
237385,237386,5,5,1,0.1
237386,217800,5,5,1,0.195
237387,237385,5,5,1,0.198
237487,104407,5,5,1,0.308
237585,49955,5,5,1,0.686
240157,43764,5,5,1,0.647
240157,67032,5,5,1,0.113
240158,9583,5,5,1,0.205
240428,172578,5,5,2,1.256
240910,41249,5,5,1,0.789
240911,20368,5,5,2,1.748
240911,182763,5,5,1,1.297
242429,824,5,5,1,0.351
243853,6351,5,5,1,0.243
243854,6348,5,5,2,0.994
245621,826,5,5,6,4.774
245924,41423,5,5,1,0.11
247293,217799,5,5,2,0.602
247759,10104,5,5,1,0.536
247759,118927,5,5,1,0.582
247764,255128,5,5,2,1.43
250262,258577,5,5,1,0.423
250264,43764,5,5,4,0.615
250264,67032,5,5,3,0.357
250264,122549,5,5,3,0.574
250264,260325,5,5,5,0.517
250392,14750,5,5,18,3.505
250392,45373,5,5,3,0.493
251453,118925,5,5,2,1.677
254396,30344,5,5,1,0.358
255123,247759,5,5,1,1.536
255128,144256,5,5,3,1.097
256818,4632,5,5,3,0.347
257127,29518,5,5,1,0.874
257127,151333,5,5,1,0.369
257128,16430,5,5,2,0.672
257128,55622,5,5,1,0.352
257128,74641,5,5,2,0.606
257129,47128,5,5,1,0.063
257130,16427,5,5,1,0.503
257132,217802,5,5,1,0.141
258576,6299,5,5,1,0.361
258577,3560,5,5,1,0.127
258577,260324,5,5,1,0.428
260324,3560,5,5,1,0.535
260324,8730,5,5,5,0.65
260324,219338,5,5,1,0.105
260324,229060,5,5,1,0.815
260324,260325,5,5,5,0.931
260325,3556,5,5,15,5.255
260325,19545,5,5,2,0.378
260325,57437,5,5,2,0.384
260325,250264,5,5,1,0.517
260325,260324,5,5,5,0.931
260326,3560,5,5,1,0.517
260327,3560,5,5,1,0.534
260327,67037,5,5,1,0.389
260327,229065,5,5,1,0.283
261920,25505,5,5,1,1.485
261921,39933,5,5,1,0.916
261921,261922,5,5,1,1.612
261922,40668,5,5,1,1.409
261923,25506,5,5,1,0.35
261923,121758,5,5,2,0.669
